INSERT INTO Users (id, username, oauth, name, hash, salt, user_group) VALUES (1, 'bill', 0, 'Bill', 'hash', 'salt', 'admin');
INSERT INTO Users (id, username, oauth, name, hash, salt, user_group) VALUES (2, 'eri101', 0, 'Eric', 'hash', 'salt', 'noob');
INSERT INTO Users (id, username, oauth, name, hash, salt, user_group) VALUES (3, 'admin', 0, 'mike krzyzewski', '07784ccf56ce9d8740bf3598f682c30d848c6bbcf874861ea943a86cf3f5b8d79c34007cb172c9b53b1b8947ad891bcac8872a9adebe061e1a8291297e5b9536f5f1b4e6e3a6d7211387411e9b6ad90ca1e682bcd4e49231c71b15b8983c87bafa4e5a4a53a576aeec8721414474bd9839d9dee659ca2bc4fa240b7dd240ddd1abb6e9947530a9207d46a9595a11c7327933c306b1555f200635333705214b937601cc886b301f019951e26979026cc2bfdaa486e51abdbccdc545303c033f2a0d8074dfebb32da77cd748e27bf4c4fc3a596ce0094894fe6f4ae5b2a20a2409b842ed88e26f15294f8af43e0b4c2ebf12f06cf7e9121694675a71dc1d838f584c96373355fbbdc13c144e811daa125511568967cee529c3be8c80f6ef9522ebaccf572b0cd7b860c4ffe56a6cca87628e7b6be4745cf0baba82456eddc76d46a091611537b79c1d575935bf1ad0c59b694cd5281477867ec8232710849e038ab16f8c767bc93b05323bee37195331df8385f55531ada3c698fbdc1be62eb093c1be261e0f1cd5f51fc94de4e64530a9580febad4f4dd16a243dc2867a79dede712c1421188d3f6ae00b623c2ab03cce248fd29f9309c849cc87d08210dde2b7cd3c706b5fb88498cc29b24b1b4e625bb73f3bfe29b38f2a957035bb20486e19cc17a77adee024733778422130a19809f260f571fc382ec37d6aea86cf722809',
 '8279215f80da2a516d1917c72faf8d23', 'admin');
INSERT INTO Users (id, username, oauth, name, hash, salt, user_group) VALUES (4, 'noob', 0, 'mike wazowski', '07784ccf56ce9d8740bf3598f682c30d848c6bbcf874861ea943a86cf3f5b8d79c34007cb172c9b53b1b8947ad891bcac8872a9adebe061e1a8291297e5b9536f5f1b4e6e3a6d7211387411e9b6ad90ca1e682bcd4e49231c71b15b8983c87bafa4e5a4a53a576aeec8721414474bd9839d9dee659ca2bc4fa240b7dd240ddd1abb6e9947530a9207d46a9595a11c7327933c306b1555f200635333705214b937601cc886b301f019951e26979026cc2bfdaa486e51abdbccdc545303c033f2a0d8074dfebb32da77cd748e27bf4c4fc3a596ce0094894fe6f4ae5b2a20a2409b842ed88e26f15294f8af43e0b4c2ebf12f06cf7e9121694675a71dc1d838f584c96373355fbbdc13c144e811daa125511568967cee529c3be8c80f6ef9522ebaccf572b0cd7b860c4ffe56a6cca87628e7b6be4745cf0baba82456eddc76d46a091611537b79c1d575935bf1ad0c59b694cd5281477867ec8232710849e038ab16f8c767bc93b05323bee37195331df8385f55531ada3c698fbdc1be62eb093c1be261e0f1cd5f51fc94de4e64530a9580febad4f4dd16a243dc2867a79dede712c1421188d3f6ae00b623c2ab03cce248fd29f9309c849cc87d08210dde2b7cd3c706b5fb88498cc29b24b1b4e625bb73f3bfe29b38f2a957035bb20486e19cc17a77adee024733778422130a19809f260f571fc382ec37d6aea86cf722809',
 '8279215f80da2a516d1917c72faf8d23', 'noob');
INSERT INTO Users (id, username, oauth, name, user_group) VALUES (5, 'eri101', 1, 'Eric Song', 'noob');
INSERT INTO Users (id, username, oauth, name, hash, salt, user_group) VALUES (6, 'christine', 0, 'Christine Zhou', '07784ccf56ce9d8740bf3598f682c30d848c6bbcf874861ea943a86cf3f5b8d79c34007cb172c9b53b1b8947ad891bcac8872a9adebe061e1a8291297e5b9536f5f1b4e6e3a6d7211387411e9b6ad90ca1e682bcd4e49231c71b15b8983c87bafa4e5a4a53a576aeec8721414474bd9839d9dee659ca2bc4fa240b7dd240ddd1abb6e9947530a9207d46a9595a11c7327933c306b1555f200635333705214b937601cc886b301f019951e26979026cc2bfdaa486e51abdbccdc545303c033f2a0d8074dfebb32da77cd748e27bf4c4fc3a596ce0094894fe6f4ae5b2a20a2409b842ed88e26f15294f8af43e0b4c2ebf12f06cf7e9121694675a71dc1d838f584c96373355fbbdc13c144e811daa125511568967cee529c3be8c80f6ef9522ebaccf572b0cd7b860c4ffe56a6cca87628e7b6be4745cf0baba82456eddc76d46a091611537b79c1d575935bf1ad0c59b694cd5281477867ec8232710849e038ab16f8c767bc93b05323bee37195331df8385f55531ada3c698fbdc1be62eb093c1be261e0f1cd5f51fc94de4e64530a9580febad4f4dd16a243dc2867a79dede712c1421188d3f6ae00b623c2ab03cce248fd29f9309c849cc87d08210dde2b7cd3c706b5fb88498cc29b24b1b4e625bb73f3bfe29b38f2a957035bb20486e19cc17a77adee024733778422130a19809f260f571fc382ec37d6aea86cf722809',
 '8279215f80da2a516d1917c72faf8d23', 'manager');
INSERT INTO Users (id, username, oauth, name, hash, salt, user_group, removed) VALUES (7, 'blah', 0, 'foo bar', '07784ccf56ce9d8740bf3598f682c30d848c6bbcf874861ea943a86cf3f5b8d79c34007cb172c9b53b1b8947ad891bcac8872a9adebe061e1a8291297e5b9536f5f1b4e6e3a6d7211387411e9b6ad90ca1e682bcd4e49231c71b15b8983c87bafa4e5a4a53a576aeec8721414474bd9839d9dee659ca2bc4fa240b7dd240ddd1abb6e9947530a9207d46a9595a11c7327933c306b1555f200635333705214b937601cc886b301f019951e26979026cc2bfdaa486e51abdbccdc545303c033f2a0d8074dfebb32da77cd748e27bf4c4fc3a596ce0094894fe6f4ae5b2a20a2409b842ed88e26f15294f8af43e0b4c2ebf12f06cf7e9121694675a71dc1d838f584c96373355fbbdc13c144e811daa125511568967cee529c3be8c80f6ef9522ebaccf572b0cd7b860c4ffe56a6cca87628e7b6be4745cf0baba82456eddc76d46a091611537b79c1d575935bf1ad0c59b694cd5281477867ec8232710849e038ab16f8c767bc93b05323bee37195331df8385f55531ada3c698fbdc1be62eb093c1be261e0f1cd5f51fc94de4e64530a9580febad4f4dd16a243dc2867a79dede712c1421188d3f6ae00b623c2ab03cce248fd29f9309c849cc87d08210dde2b7cd3c706b5fb88498cc29b24b1b4e625bb73f3bfe29b38f2a957035bb20486e19cc17a77adee024733778422130a19809f260f571fc382ec37d6aea86cf722809',
 '8279215f80da2a516d1917c72faf8d23', 'manager', 1); 
INSERT INTO Vendors (id, name, contact, code) VALUES (1, 'Duke', 'contact', 'code_duke');
INSERT INTO Vendors (id, name, contact, code) VALUES (2, 'UNC', 'contact', 'code_unc');
INSERT INTO Vendors (id, name, contact, code) VALUES (3, 'admin', 'contact', 'code_admin');
INSERT INTO Storages (id, name, capacity) VALUES (1, 'freezer', 2000);
INSERT INTO Storages (id, name, capacity) VALUES (2, 'refrigerator', 20);
INSERT INTO Storages (id, name, capacity) VALUES (3, 'warehouse', 500);
INSERT INTO Ingredients (id, name, package_type, storage_id, native_unit, num_native_units, worst_duration, total_weighted_duration, total_num_native_units) VALUES (1, 'poop', 'sack', 1, 'pounds', 10, 123456789, 1000000000, 10);
INSERT INTO Ingredients (id, name, package_type, storage_id, native_unit, num_native_units) VALUES (2, 'beans', 'truckload', 1, 'pounds', 15);
INSERT INTO Ingredients (id, name, package_type, storage_id, native_unit, num_native_units, worst_duration, total_weighted_duration, total_num_native_units) VALUES (3, 'boop', 'pail', 1, 'kg', 20, 123456, 300000, 7);
INSERT INTO Ingredients (id, name, package_type, storage_id, native_unit, num_native_units) VALUES (4, 'loop', 'sack', 2, 'g', 50);
INSERT INTO Ingredients (id, name, package_type, storage_id, native_unit, num_native_units, intermediate) VALUES (5, 'intermediate', 'sack', 2, 'g', 20, 1);
INSERT INTO Ingredients (id, name, package_type, storage_id, native_unit, num_native_units, intermediate) VALUES (6, 'booploop meow', 'sack', 2, 'kg', 30, 1);
INSERT INTO VendorsIngredients (id, ingredient_id, price, vendor_id) VALUES (1, 1, 10, 1);
INSERT INTO VendorsIngredients (id, ingredient_id, price, vendor_id) VALUES (2, 2, 20, 1);
INSERT INTO VendorsIngredients (id, ingredient_id, price, vendor_id) VALUES (3, 3, 30, 1);
INSERT INTO VendorsIngredients (id, ingredient_id, price, vendor_id) VALUES (4, 4, 30, 2);
INSERT INTO Inventories (id, ingredient_id, num_packages, vendor_id, lot, per_package_cost) VALUES(1, 1, 10, 1, 'ff', 1.1);
INSERT INTO Inventories (id, ingredient_id, num_packages, vendor_id, lot, per_package_cost) VALUES(2, 1, 20, 1, 'bb', 1.1);
INSERT INTO Inventories (id, ingredient_id, num_packages, vendor_id, lot, per_package_cost) VALUES(3, 1, 30, 1, 'cc', 1.1);
INSERT INTO Inventories (id, ingredient_id, num_packages, vendor_id, lot, per_package_cost) VALUES (4, 2, 20, 1, 'ff', 1.1);
INSERT INTO Inventories (id, ingredient_id, num_packages, vendor_id, lot, per_package_cost) VALUES (5, 3, 20, 1, 'ff', 1.1);
INSERT INTO Inventories (id, ingredient_id, num_packages, vendor_id, lot, per_package_cost) VALUES (6, 4, 20, 2, 'ff', 1.1);
INSERT INTO Logs (id, user_id, vendor_ingredient_id, quantity) VALUES (1, 1, 1, 18);
INSERT INTO Logs (id, user_id, vendor_ingredient_id, quantity) VALUES (2, 1, 3, 5);
INSERT INTO SpendingLogs (id, ingredient_id, total_weight, total, consumed) VALUES (1, 1, 500, 5000, 50);
INSERT INTO SpendingLogs (id, ingredient_id, total_weight, total, consumed) VALUES (2, 2, 500, 5000, 50);
INSERT INTO SpendingLogs (id, ingredient_id, total_weight, total, consumed) VALUES (3, 3, 500, 5000, 50);
INSERT INTO SpendingLogs (id, ingredient_id, total_weight, total, consumed) VALUES (4, 4, 500, 5000, 50);
INSERT INTO Formulas (id, name, description, num_product) VALUES (1, 'cake', 'A simple cake', 1);
INSERT INTO Formulas (id, name, description, num_product) VALUES (2, 'shit', 'just shit', 10);
INSERT INTO Formulas (id, name, description, num_product, intermediate, ingredient_id) VALUES (3, 'booploop', 'hehe', 2, 1, 6);
INSERT INTO Formulas (id, name, description, num_product) VALUES (4, 'booploop final shit', 'hehe blah', 6);
INSERT INTO FormulaEntries (id, ingredient_id, num_native_units, formula_id) VALUES (1, 3, 1, 1);
INSERT INTO FormulaEntries (id, ingredient_id, num_native_units, formula_id) VALUES (2, 4, 2, 1);
INSERT INTO FormulaEntries (id, ingredient_id, num_native_units, formula_id) VALUES (3, 1, 3, 2);
INSERT INTO FormulaEntries (id, ingredient_id, num_native_units, formula_id) VALUES (4, 2, 4, 2);
INSERT INTO FormulaEntries (id, ingredient_id, num_native_units, formula_id) VALUES (5, 3, 2, 3);
INSERT INTO FormulaEntries (id, ingredient_id, num_native_units, formula_id) VALUES (6, 4, 3, 3);
INSERT INTO FormulaEntries (id, ingredient_id, num_native_units, formula_id) VALUES (7, 6, 2, 4);
INSERT INTO FormulaEntries (id, ingredient_id, num_native_units, formula_id) VALUES (8, 1, 2, 4);
INSERT INTO SystemLogs (id, user_id, description, created_at) VALUES (1, 5, 'User 5 did blah', '2018.01.01 00:00:01.000');
INSERT INTO SystemLogs (id, user_id, description, created_at) VALUES (2, 5, 'User 5 added 5 {boop=ingredient_id=3}', '2018.01.02 12:00:00.000');
INSERT INTO SystemLogs (id, user_id, description, created_at) VALUES (3, 6, 'User 6 added formula {cake=formula_id=3}', '2018.01.02 12:56:21.000');
INSERT INTO SystemLogs (id, user_id, description, created_at) VALUES (4, 6, 'User 6 did blah', '2018.01.02 23:11:02.000');
INSERT INTO SystemLogs (id, user_id, description, created_at) VALUES (5, 6, 'User 6 did blah', '2018.01.03 13:11:02.000');
INSERT INTO SystemLogs (id, user_id, description, created_at) VALUES (6, 4, 'User 4 added 1 {boop=ingredient_id=3}', '2018.01.03 12:00:00.000');
INSERT INTO ProductRuns (id, formula_id, num_product, user_id, lot, cost_for_run) VALUES (1, 1, 100, 1, 'aa', 100.9);
INSERT INTO ProductRuns (id, formula_id, num_product, user_id, lot, cost_for_run) VALUES (2, 3, 6, 4, 'abc123', 121.3);
INSERT INTO ProductRuns (id, formula_id, num_product, user_id, lot, cost_for_run) VALUES (3, 4, 6, 3, 'def123', 22.3);
INSERT INTO ProductRunsEntries (id, productrun_id, ingredient_id, vendor_id, lot, num_native_units) VALUES (1, 1, 3, 1, 'sb', 10);
INSERT INTO ProductRunsEntries (id, productrun_id, ingredient_id, vendor_id, lot, num_native_units) VALUES (2, 1, 4, 2, 'zz', 10);
INSERT INTO ProductRunsEntries (id, productrun_id, ingredient_id, vendor_id, lot, num_native_units) VALUES (3, 2, 3, 1, 'sb', 2);
INSERT INTO ProductRunsEntries (id, productrun_id, ingredient_id, vendor_id, lot, num_native_units) VALUES (4, 2, 4, 2, 'zz', 3);
INSERT INTO ProductRunsEntries (id, productrun_id, ingredient_id, vendor_id, lot, num_native_units) VALUES (5, 3, 6, 3, 'abc123', 2);
INSERT INTO ProductRunsEntries (id, productrun_id, ingredient_id, vendor_id, lot, num_native_units) VALUES (6, 3, 1, 3, 'aaa', 2);
